"id","idn","sim"
5561902,1179490,0.80263156
6423027,385614,0.82758623
6419546,6727,0.8292683
786335,10042,0.8767123
9941,9940,1
1086397,612441,0.8666667
1056466,1031014,0.8125
689278,58823,0.8532609
313193,5439,0.8030303
6524,6523,1
576945,575459,0.877551
578821,575459,0.8979592
2069724,1200787,0.8863636
7042586,1871827,0.8148148
3311380,10073,0.95057034
2792085,1195572,0.8695652
1843848,1600951,0.8135593
3350781,1095009,0.8979592
10234,10233,1
2629386,12699,0.8918919
1197229,1197213,0.9
6507,6506,1
9786,9785,1
656641,504479,0.8181818
969769,12748,0.81578946
5244805,508875,0.83076924
961277,664842,0.84177214
570547,311142,0.8428571
1582461,12686,0.8780488
218317,6636,0.83870965
680858,6636,0.824
4591226,194488,0.8770492
5446,5445,1
961276,756353,0.8040541
9773,9772,1
6633055,9921,0.85507244
10212,10211,1
5596887,91668,0.8051948
3284969,107662,0.8076923
793428,308998,0.8678414
109480,71525,0.8227848
2629381,12713,0.875
6313290,1271156,0.8490566
4581033,195588,0.8494624
1239256,1235711,0.81640625
5296,5295,1
661242,5295,0.8333333
1194181,5295,0.8333333
9762,6547,1
475930,397888,0.83076924
6129334,512667,0.84246576
2190513,1194974,0.85106385
656362,397888,0.8196721
1200003,397888,0.9137931
1695693,397888,0.8548387
1224441,812280,0.8181818
1220485,570425,0.8333333
2816780,6427,0.88
4564055,1193166,0.8095238
5333618,1193166,0.875
914304,529316,0.8742138
3776633,3737054,0.83168316
807810,349803,0.8227848
1210038,349803,0.85350317
5912089,349803,0.84076434
1543771,516840,0.85775864
6022309,1396497,0.875
3069269,3027478,0.81474483
3115326,3027478,0.8708415
5350012,398060,0.8382353
1761265,1653413,0.8508065
321242,268872,0.88324875
6415579,398060,0.90909094
504806,311032,0.88073397
2708905,966962,0.8090909
10073,6922,0.9653846
3311380,6922,0.9459459
19746,9610,0.8305085
611486,521641,0.8873239
2066639,1197412,0.8064516
4252305,3949600,0.80263156
98250,6735,0.8181818
10170,10169,1
2944479,595748,0.8677686
3307669,386094,0.8333333
7118265,6804506,0.8130081
6437520,9629,0.86585367
1004234,6483,0.8888889
2219033,12706,0.85
4804715,9715,0.87234044
1968400,876988,0.89361703
3010335,9474,0.8684211
4988031,71700,0.8648649
106289,6996,0.80582523
5685842,4031506,0.85714287
6947754,3644552,0.88372093
886321,12780,0.8224299
1567672,6720,0.825
1217099,133431,0.8076923
1209590,1193897,1
289034,44742,0.8893805
1197432,5287,0.85
398097,12704,0.8695652
440072,372359,0.8396947
710157,372359,0.8333333
644394,218325,0.81578946
5084942,2717577,0.86764705
4080476,218325,0.8235294
7121590,339646,0.82051283
1793313,1197437,0.8181818
1107494,1031164,0.85549134
1597752,1195006,0.8909091
1742693,447914,0.8405797
6495,6494,1
1197395,509066,0.8604651
1197529,1077191,0.8974359
2469920,12847,0.875
4962551,582659,0.8537736
5828748,582659,0.8584906
861790,398343,0.82758623
1203129,80346,0.86290324
1085970,835709,1
4144372,2312846,0.84210527
894467,386289,0.828125
4764080,386289,0.892562
4136053,17026,0.8974359
1358490,187703,0.8979592
1963643,1781760,0.8989899
3819452,2921616,0.9
681314,296270,0.86549705
2674562,414326,0.85714287
994729,671009,0.8105263
3502571,1084434,0.8035714
20121,9609,0.84090906
134737,81608,0.8961039
6516,6515,1
661242,5296,0.8333333
2618102,283,0.8888889
1200003,656362,0.86206895
1194181,5296,0.8333333
958478,284973,0.8636364
4224066,1371077,0.9
2258148,1165705,0.8172043
1185648,1173747,0.80246913
1695693,475930,0.875
636780,222423,0.8428571
4188888,475990,0.8111111
9926,282,0.9310345
4083870,1470409,0.875
187703,96119,0.84
1358490,96119,0.8979592
680858,218317,0.89915967
5012162,475990,0.8
4716813,680455,0.85542166
2597139,869833,0.8727273
5291,5290,1
4581746,234610,0.80658436
6433,6432,1
3613744,296347,0.85714287
1003433,995781,0.8095238
1094609,583154,0.88235295
7293,6504,0.8978102
3560178,1125055,0.89908254
1017546,16427,0.8385093
5103934,950465,0.9
226299,221095,0.85714287
671032,496536,0.8235294
1391318,1363015,0.8076923
628011,276051,0.86
1548458,571118,0.8888889
785161,423169,0.8817204
6107153,397696,0.84615386
1785595,1649351,0.8447205
1994057,397741,0.82539684
4118940,359730,0.8333333
496620,496152,0.85106385
372123,309002,0.89830506
5672917,1026375,0.8655462
2199583,2162052,0.84
3490396,1466652,0.9
397888,309002,0.9
475930,309002,0.83076924
1200003,309002,0.8196721
1695693,309002,0.8548387
4869876,2803919,0.8057554
3029492,1531348,0.8
677004,652805,0.84313726
7018982,1673756,0.84210527
1797593,1144593,0.828125
9976,9975,1
1220485,460350,0.8548387
710155,513078,0.8666667
623916,381296,0.8828829
610152,578472,0.8767123
1875021,909710,0.83928573
2490529,563058,0.8032787
690408,652805,0.85294116
406496,274486,0.8141593
1014581,896620,0.8252427
6208675,1098038,0.87234044
2052673,1682684,0.85106385
583069,471400,0.89361703
5036755,1251736,0.8148148
1064403,986983,0.80128205
1268314,991302,0.8803419
1006843,886882,0.8761905
5080234,658587,0.8245614
727053,492955,0.80213904
6596,6595,1
996270,266348,0.8333333
1200004,1072740,0.89320385
3024117,962756,0.8769231
1496320,1469986,0.9
339251,1315,0.9
2908829,1153771,0.8979592
1197419,5355,0.8088235
5725662,793812,0.83898306
1531958,1202833,0.8915663
2195021,1820948,0.84126985
2301476,661091,0.875
2648566,1016873,0.8636364
4261366,411252,0.875
3315302,406775,0.8811881
3455007,1195163,0.875
2657174,1915263,0.8484849
2652541,676762,0.8918919
4242248,1288548,0.8447205
4764080,894467,0.8278689
5012142,1505185,0.8780488
1682775,1412802,0.8918919
2208569,1328401,0.8727273
4393338,275314,0.8469388
1407693,6594,0.8
1084434,1064315,0.8035714
5323,5322,1
3502571,1064315,0.8888889
690408,677004,0.8842105
1148313,1000051,0.8396947
4425466,383095,0.8965517
6461462,820578,0.8869565
4501407,1972816,0.87341774
899403,869881,0.8988764
1514326,1482814,0.8435374
1596337,1345418,0.9
1713242,1345418,0.8301887
1202884,1197749,0.88785046
4062203,112348,0.8
3626593,2217697,0.8181818
832722,5319,0.8372093
7085824,1299509,0.8
919094,797962,0.8214286
5108462,161892,0.84615386
3533527,1505204,0.82051283
1167372,987229,0.8795181
6102331,6083081,0.8333333
2026404,627539,0.84705883
1079781,983323,0.88
2901281,907055,0.8648649
1201416,1194899,0.890625
1366637,1194899,0.88709676
998999,767422,0.8541667
887110,797897,0.8974359
103757,87645,0.8622754
2703950,2276220,0.8518519
3794701,2276220,0.8518519
1820525,1471444,0.8
7062879,1084698,0.8
5317,5316,1
1153534,689116,0.8666667
9954,9953,1
1350145,1217070,0.82
4202585,1232246,0.8666667
5390326,2218840,0.8607595
3455398,5340,0.8947368
4953721,1449828,0.8148148
1859157,1099150,0.875
225333,16254,0.8877551
6496,164,0.82758623
2368783,1968454,0.8958333
2328200,1316155,0.85714287
1469952,164,0.8780488
4484124,4472631,0.8378378
886710,799131,0.84090906
3312090,1496675,0.9
1915263,1371284,0.84375
2657174,1371284,0.8181818
660667,528739,0.877551
6636735,2792085,0.8636364
1393273,602449,0.8913044
1210038,807810,0.80625
5912089,807810,0.8397436
1568406,5164,0.89349115
4124321,2401439,0.81762916
2181304,739598,0.890625
3307094,3010970,0.8125
4076292,9710,0.8655462
1194280,1086055,0.8869565
5716532,2218415,0.9
5721667,2218415,0.86538464
6498838,6283524,0.8924731
2804799,2100793,0.8962264
3159165,6585,0.8947368
3242918,1233592,0.88509315
3951695,1068642,0.8681672
2660537,1897307,0.8202247
6154938,2635452,0.8214286
4192976,2065663,0.8666667
1224441,373855,0.84375
6345309,1206645,0.82298136
5660882,1267691,0.8979592
423169,404756,0.87096775
785161,404756,0.9
6279055,2554848,0.80124223
1600951,9714,0.8947368
1843848,9714,0.8448276
3010124,9714,0.87931037
5057228,4985306,0.85294116
2727321,2388108,0.86206895
2171306,1682127,0.8910506
1233648,894463,0.825
2231138,1748339,0.8695652
3184191,906891,0.82051283
1665894,1345024,0.8064516
3424388,2319420,0.84745765
7062879,1289516,0.84931505
1299616,1144596,0.88235295
2333283,1093755,0.82191783
1465922,1285532,0.84126985
3346422,3159165,0.83870965
4888044,3319296,0.8947368
6216919,3159165,0.82758623
3610574,2057889,0.8888889
6910225,2109232,0.8210526
4776314,1954606,0.84090906
2940540,2601071,0.80701756
4183976,1197484,0.8378378
2831717,2579887,0.828125
2109606,2069787,0.8670886
9805,6548,1
212426,156816,0.8333333
3989030,3714666,0.87261146
6918821,2311380,0.8947368
1243937,1197831,0.8648649
1202883,1197921,0.8252427
4814157,3403168,0.8363636
6504035,6116009,0.85784316
3042810,1999088,0.8730159
6558,6557,1
9690,6543,0.8764045
6567,6566,1
4174754,3551184,0.828125
2610778,2219107,0.85271317
4070736,3155595,0.84615386
3746228,3132105,0.8113208
6088987,1760147,0.85294116
1725669,1709486,0.83870965
1513730,1408815,0.8041237
7018982,1408815,0.8924731
4281807,1194950,0.8
2799508,1197402,0.82051283
1469939,1393258,0.87341774
1214505,1200602,0.88505745
5983217,1220446,0.8450704
4390102,2016156,0.86021507
2484216,2462518,0.8095238
6917981,1425830,0.85987264
2597409,1197438,0.86934674
2985275,1197400,0.81578946
1482743,1438872,0.89534885
2795116,214000,0.84615386
1567672,594649,0.8684211
1465922,1337651,0.84042555
2304992,1709482,0.8863636
1665440,1377869,0.896
2541662,1220296,0.8214286
4892443,2499622,0.8125
3833374,969813,0.89215684
1383899,1362318,0.8453608
3323721,1093769,0.8043478
1565774,1466250,0.8780488
2699779,1161168,0.8043478
1357799,1161153,0.80487806
1358677,1197464,0.8258427
2052814,1197464,0.83898306
2537108,2190419,0.8956044
1691915,1228202,0.8333333
1919743,1888847,0.8125
3018975,1678179,0.89855075
1430934,1328640,0.8948949
4079565,1377877,0.8965517
5277319,2690674,0.8902439
6527229,1471433,0.82608694
3362522,3047695,0.81666666
1240436,1197945,0.8986486
3933625,2748473,0.88
6539682,2748473,0.8627451
3858233,2756358,0.8301887
1876381,996491,0.8666667
5606414,3715376,0.86206895
3885662,3014727,0.8488372
3899886,3893978,0.8095238
1768358,1713618,0.80487806
3060807,1588884,0.8
2367200,996255,0.8035714
3710400,2065862,0.8108108
3961326,3512161,0.8220859
2588438,1471425,0.875
2283448,1763756,0.85263157
6594,5348,0.84
1407693,5348,0.8
5991182,1548912,0.8448276
2965744,1413944,0.84375
2231877,1980932,0.87636364
2016237,1200062,0.8263889
4270225,3745230,0.80597013
4247104,1358424,0.8072289
3413555,1584226,0.8816326
1495900,1378094,0.8863636
6409102,1928616,0.8898305
2293447,1870628,0.87096775
1408425,1284284,0.88785046
1466729,1284284,0.8773585
3833058,1173970,0.8243243
1320137,1314216,0.86290324
3812541,1314216,0.84126985
4171030,1378094,0.8306878
1601029,1482746,0.84615386
4585061,4326397,0.8771499
5824229,1310520,0.8913044
4350077,4327019,0.8947368
2861595,1645337,0.8333333
6260369,266,0.8245614
2970414,1815150,0.8135593
1089530,1079734,0.8965517
3294628,1466416,0.88135594
2117936,2104834,0.8717949
2350097,1568358,0.8492063
2001282,1738916,0.88461536
2052814,1358677,0.88150287
3605678,3551261,0.87341774
2611042,1695475,0.8636364
2817325,1695475,0.88372093
1548912,39889,0.875
4371180,1358928,0.83536583
1747464,1691721,0.8558559
2299330,1763754,0.890625
2053251,1772875,0.88235295
1649351,1518817,0.82857144
3640320,1496641,0.8235294
5054024,4928521,0.85714287
1784837,1488290,0.8235294
578821,576945,0.8958333
2315557,2312425,0.8208955
2516281,2312425,0.8358209
5991182,39889,0.89285713
2311380,2310393,0.8148148
1557162,1250296,0.8961039
4538619,3636321,0.8148148
3858184,1829567,0.8037383
1539215,1379320,0.8321168
2567696,2158659,0.84210527
2214327,1972567,0.8032787
3333241,1195557,0.8666667
1285295,1202878,0.8888889
3710386,3307271,0.877193
2279034,1901945,0.8543046
2304936,1901945,0.8791946
1440289,1376735,0.87096775
2309653,2219524,0.8561151
3925085,3871395,0.85714287
4165863,3107010,0.8108108
2610993,1916196,0.8181818
1462029,1376700,0.88819873
4371683,4354519,0.8111111
1901945,1721226,0.89115644
4045960,3715915,0.82857144
2279034,1721226,0.84415585
2304936,1721226,0.85620916
3123702,1200037,0.8974359
2258124,2011351,0.83
6594047,3303809,0.8484849
2478319,2223663,0.85714287
289152,267509,0.8611111
4696043,2043220,0.8372093
1324710,1194382,0.8695652
5067226,1989702,0.82631576
2310667,1687259,0.82
4144377,1197492,0.8636364
2262280,1430271,0.8679245
6873400,1834039,0.89361703
1968733,1876109,0.85915494
3915873,6556,0.83516484
3989890,1938403,0.87341774
1868017,1784884,0.8968254
3776555,3684597,0.8039216
5098577,3312045,0.87058824
1645296,1582458,0.89719623
3972298,3970768,0.8947368
6235264,5790595,0.8913044
1906044,1905776,0.88
2172441,1905776,0.84415585
2171607,2163438,0.8685567
1673756,1513730,0.85106385
7018982,1513730,0.86170214
5350082,2201008,0.8811881
5786864,1967828,0.84931505
3911931,1919199,0.87356323
2904728,2895413,0.8541667
3640188,2895413,0.82608694
4236146,2241588,0.84
6155659,1937222,0.82608694
4122923,4115433,0.82
4219929,4115433,0.84
4237203,4115433,0.8541667
1760735,1513734,0.8324022
6316725,6298414,0.8597786
5099436,2855138,0.84745765
2625115,2011654,0.8730159
5513494,3111194,0.825
3006269,2804705,0.84810126
5301981,2716686,0.88235295
1430934,1199331,0.80966765
1200594,1194168,0.95238096
3894467,2656921,0.82608694
3962430,2656921,0.82608694
2862500,1776515,0.896
3111287,2813742,0.81914896
3213504,1802146,0.83157897
2666978,2592675,0.9
4140938,4132323,0.844898
1726328,1682862,0.875
2276220,2075035,0.8867925
2703950,2075035,0.8148148
3794701,2075035,0.8148148
2270937,1964776,0.8378378
3009794,2605765,0.83272725
3521905,2605765,0.81040895
2096003,1964789,0.85714287
3370648,2816831,0.8488372
2576085,1964789,0.88235295
5572771,5453746,0.84745765
2011351,1988484,0.82198954
2162542,1988484,0.8369565
5031714,4339982,0.8127854
5048142,4339982,0.8300971
1409429,1379207,0.8961039
4247104,4153279,0.8072289
5135129,3967568,0.84
6423027,3218538,0.8347826
2567405,2030909,0.9
3001573,2962826,0.8695652
3829341,3028327,0.8947368
2140253,1991445,0.8194444
2516580,2400119,0.8333333
2410009,2320022,0.89224136
4398745,2922122,0.80864197
4170599,983077,0.85393256
2304936,2279034,0.82165605
2958781,2958582,0.8
3853882,3512705,0.85507244
1366637,1201416,0.84615386
6590118,6588714,0.8695652
3570595,3438316,0.832
6818210,2649118,0.84375
3311028,3248168,0.8333333
7014809,3248168,0.8674699
4281872,4231945,0.84415585
6018123,2703775,0.8333333
3924686,2163302,0.875
5953210,2690449,0.8181818
398440,6560,0.8169014
2817325,2611042,0.8863636
1285532,1275147,0.8310502
3464173,3307669,0.86170214
2816831,2733787,0.84705883
5819372,3307669,0.8125
3743198,3351481,0.8367347
3370648,2733787,0.82222223
3517482,3472286,0.88135594
2967467,1897342,0.8305085
5386922,4860859,0.8
4660912,1905761,0.89344263
5859970,5452863,0.8674699
4412816,4183520,0.875
5089826,2257907,0.8130841
2499271,2166599,0.83035713
3001359,2761794,0.8076923
2453125,2452775,0.8556701
12490,1446,0.8626761
6478142,5452863,0.8255814
2917223,2712589,0.81395346
3502852,3038911,0.89285713
3159285,2712589,0.85897434
3049899,2596250,0.88235295
3213542,2172407,0.8636364
2783130,2554578,0.83111113
3556472,2554578,0.8
5996066,4702469,0.88461536
2790841,2713082,0.8052805
5721172,2350507,0.8452381
3015105,2127933,0.82945734
2306669,2306136,0.9
2699613,2405179,0.82258064
2514481,2312427,0.8125
3024297,2670526,0.83809525
4246416,2197585,0.8787879
3853883,2676043,0.8113208
4317234,3096254,0.8164557
4590949,2114965,0.86923075
4564659,4083774,0.84615386
2516281,2315557,0.8358209
7075989,6922954,0.85714287
5333174,2542125,0.8787879
2773856,2056044,0.8525641
2537073,1883719,0.85
3210499,2829942,0.85915494
2711838,2360273,0.8796296
2673533,2657465,0.875
6111734,2461613,0.82653064
4224066,3175921,0.82608694
2214979,1816586,0.82758623
4183976,3596147,0.8378378
4536937,2296373,0.86206895
3714656,3537906,0.8712446
6427676,2922086,0.8039216
3201268,2647837,0.85294116
4115351,2647837,0.8235294
1227768,1227250,0.8125
4928521,4903326,0.80921054
5054024,4903326,0.84827584
3811686,3213755,0.8767123
6908532,3024929,0.8055556
2584601,2208504,0.85714287
3255730,2580199,0.8333333
2283466,2279111,0.8556701
3459319,3227808,0.8064516
3619174,3551230,0.8227848
4567590,3724913,0.8235294
1194903,1194187,0.8507463
3640188,2904728,0.8043478
5981981,5904404,0.8
2729514,2490612,0.8181818
3358522,2490612,0.8
5466045,4344339,0.8218391
5301158,4924674,0.8869048
3302155,3249917,0.89634144
5999542,5449040,0.8333333
3333881,2761124,0.89041096
2738796,2391572,0.88235295
6873415,3294537,0.8623188
4800164,3009794,0.8181818
2787845,2413621,0.84
2491082,2329350,0.8695652
4908035,4782202,0.8405797
7046551,2708290,0.8978102
2401097,2310692,0.8779343
6585806,1901201,0.84713376
3556472,2783130,0.83856505
3358522,2729514,0.8333333
3845353,2584222,0.84615386
3513634,2958638,0.8245614
6864485,6572035,0.8153846
5922026,2462512,0.86206895
3551173,2409175,0.84782606
3256297,3111174,0.8695652
5062745,3370646,0.88235295
4206615,3319873,0.85714287
3214029,3144743,0.8666667
5506329,3836565,0.878125
1413428,1404931,0.8396947
5734022,3319873,0.85714287
3417891,3181163,0.85
4643346,2816787,0.88535035
3951695,3736658,0.8232044
5952945,5930698,0.8103448
3395745,2078726,0.8827586
1523004,9839,0.85714287
4473558,4336207,0.8041958
2913305,2732030,0.89285713
6364392,2732030,0.8111111
6689942,5408086,0.8363636
5027838,4901423,0.8627451
3232165,2703100,0.8440367
3468310,3467402,0.82417583
2601581,1627588,0.8372093
2992356,662727,0.8811881
7014809,3311028,0.8902439
4309103,4255436,0.8039216
6457700,4496304,0.8196721
1906962,1905777,0.8627451
5838419,5461920,0.88429755
3658141,3438312,0.8935185
4882370,3821348,0.8076923
6805544,6388894,0.83950615
3310691,3299263,0.85507244
5058194,3903138,0.86567163
4702190,3171504,0.83229816
4153951,3976697,0.82191783
4243473,4102540,0.85987264
5729524,5720159,0.8630137
5981978,5486135,0.8611111
4002766,3684001,0.84810126
7072416,3014752,0.88095236
7094481,6966874,0.8604651
5394646,4110432,0.8645833
6364392,2913305,0.8426966
3341156,3210147,0.8958333
3399618,3256881,0.8918919
5453746,5183662,0.86440676
3613746,3245542,0.9
4336193,4331971,0.82568806
3303385,2905182,0.8962264
6334543,4123792,0.84931505
5572771,5183662,0.84745765
6654199,4653299,0.8817204
4576345,2394745,0.85714287
4545730,3989044,0.8051948
2523423,2367191,0.8767123
4278051,3299233,0.85294116
6910212,4157562,0.82758623
3001985,2930435,0.8724832
4598440,3403842,0.83076924
6457806,3403842,0.8358209
5774383,4657758,0.8076923
4715889,4665079,0.8208955
2486569,2336960,0.83760685
6436568,6422478,1
4084071,3111398,0.86440676
4673732,2584213,0.875
3923508,2817885,0.890625
6690620,662722,0.8153846
7100403,2862003,0.8153846
5557578,2475552,0.8518519
3715553,2861454,0.8918919
4115351,3201268,0.85294116
3963270,3920337,0.84810126
2953979,2100194,0.8984127
5572200,5511178,0.872549
2778394,2567147,0.82978725
4050540,3600766,0.8333333
5567390,4443656,0.8648649
3605453,3463197,0.886076
4308699,3095825,0.8888889
4615704,2905523,0.9
3323724,2862388,0.89534885
4273139,3652728,0.88095236
3762839,3408161,0.84415585
6851973,6385903,0.89320385
4674108,1968478,0.8082192
5342014,4389902,0.89719623
4322077,2963069,0.8032787
4493131,4376140,0.825
4847569,2941745,0.85294116
2998380,2909493,0.8181818
4385197,4290540,0.83870965
5969485,4376140,0.8947368
3715178,3614869,0.8333333
3853897,3252296,0.8684211
4851808,4815220,0.86238533
2405043,2389577,0.8730159
4912223,4716492,0.815534
4183801,4148626,0.8130435
4483478,3251726,0.8367347
6189744,2984048,0.82758623
5639146,3824900,0.80582523
4538618,4538107,0.8301887
5218884,4863222,0.8909091
4241915,3358271,0.877451
1726247,1699114,0.89830506
3601905,3098979,0.85393256
4647983,3213540,0.8730159
3849601,3333915,0.84210527
4799270,3600683,0.85714287
5568422,5381707,0.88
4837878,3574086,0.9
3312290,3294184,1
4398155,3205455,0.8674699
2205401,2177050,0.8378378
4101079,3196674,0.82222223
4589973,1250061,0.8484849
2947065,2441440,0.84090906
4131637,3350314,0.8333333
3923508,3019754,0.84166664
5314556,4771930,0.8627451
4473826,3133322,0.81609195
4550342,3706703,0.88073397
4701746,4669386,0.8135593
3293507,3059442,0.8951049
5015673,4786061,0.8414634
3459225,2892531,0.8736842
4268069,3298444,0.8235294
5894161,5249090,0.87234044
4171072,4071571,0.8108108
5596877,5191810,0.83225805
6243424,3763298,0.8
4908035,4679222,0.8405797
6284499,3346259,0.8863636
6409614,3346259,0.8029197
6423451,3346259,0.83076924
5490702,3042871,0.8909091
5624250,5268029,0.8604651
4371804,4357588,0.82608694
4033397,4033131,0.85271317
6832710,4971183,0.88188976
4594242,4053145,0.86206895
3951805,3940980,0.8490566
6377016,4434502,0.8487395
5072227,4785337,0.8055556
5715721,5499097,0.82222223
5074375,3632240,0.848
4538614,4536948,0.8545455
3471490,3319963,0.8356164
4349717,3963620,0.8695652
5103930,2594000,0.8076923
5693521,4128750,0.8636364
6513303,3454208,0.859375
5483690,3102208,0.8181818
5725666,4076166,0.8186813
5511046,5499241,0.89285713
3997637,3507591,0.82857144
3680148,3459404,0.89772725
4434739,4136189,0.81
4518120,4136189,0.80898875
4161967,3854741,0.88429755
5093283,4247104,0.8375
5240657,4404111,0.8333333
5253402,4404111,0.88297874
4785337,3404444,0.85211265
5072227,3404444,0.8214286
4237230,4233029,0.8736842
5872392,5692128,0.89285713
3404111,3382700,0.81578946
4966956,4929614,0.8636364
6020974,3538660,0.875
4366394,3600943,0.8909091
5706040,3285632,0.875
4327019,4281183,0.88596493
4350077,4281183,0.85087717
6207991,6118321,0.85625
6243872,6118321,0.8414634
3210501,2782146,0.86206895
6717392,5554493,0.8450704
3759515,3587878,0.8854167
6931419,4237550,0.8888889
4767318,4688021,0.8030303
4794336,3618481,0.84210527
3680030,3416615,0.84126985
5439267,4644484,0.85018724
5678925,4644484,0.8544776
5859425,4326047,0.875
3516890,3347222,0.8674699
4607302,4285497,0.8108108
5512408,5310132,0.8235294
6373960,3706278,0.87931037
6601859,4285497,0.86451614
5940835,5891073,0.8125
3413250,2790852,0.8095238
3937937,2816807,0.8961039
6222063,6163341,0.8780488
3723850,3294927,0.9
4084719,3561663,0.8333333
4595174,4171128,0.8333333
6778336,6159525,0.8472222
3645222,3542857,0.8888889
4170547,3666219,0.8897959
6961314,5625185,0.83653843
4585060,4429582,0.8378378
4595397,4429582,0.8378378
5579395,3654237,0.85
3485827,3432906,0.8
5990542,5772508,0.8014184
3417058,3107194,0.84931505
6690364,4024755,0.8181818
1494374,767241,0.8648649
2782326,2769256,0.83908045
3644146,3560313,0.8108108
4496932,4281565,0.8056872
5751494,4612033,0.8076923
4148598,3994307,0.82051283
6416094,5535137,1
6466254,4899643,0.85314685
4572472,4567589,0.82222223
6931615,4524323,0.9
4237544,4054219,0.81632656
5391645,5381605,0.8738739
5125923,4869183,0.8873239
4661881,4496290,0.8857143
5166076,4281565,0.80751175
4372414,3640320,0.85714287
5801435,4302542,0.8039216
4493131,4376540,0.8918919
6448193,6363733,0.83950615
3823879,3582777,0.8108108
5494787,5287638,0.8918919
4261330,4084837,0.8795181
6636528,4937591,0.82608694
4777250,4136302,0.885
1968821,1958580,0.85714287
3564941,3428154,0.872807
3215023,1557086,0.8979592
3967568,3738592,0.8378378
4781062,4393345,0.8817204
5135129,3738592,0.84
3876903,3384211,0.88659793
3644146,3635946,0.8472222
4358435,3823843,0.8375
6598962,6597952,1
7094991,4206569,0.8909091
5296806,5021046,0.8269231
5315739,5021046,0.8300971
5614813,4158258,0.8245614
4404111,3797688,0.8695652
5240657,3797688,0.85106385
5253402,3797688,0.84210527
2852924,2831612,0.8615108
2503861,2484141,0.8636364
5115903,5112567,0.8333333
5712122,5390367,0.8539823
6825869,4976050,0.80701756
5306517,3758963,0.8333333
4175863,4075357,0.8
5205667,4075357,0.8235294
4702462,3975631,0.8148148
6632215,3140386,0.8888889
5166290,3614802,0.81395346
4329541,4286937,0.8069498
3610519,3569825,0.81642514
4045960,3997637,0.82857144
4171660,3803731,0.85714287
5873339,3871971,0.875
4947034,4335620,0.8167939
4864511,3788928,0.8198198
4128758,3412081,0.84931505
5231175,4175905,0.84615386
6762119,4175905,0.89403975
5061749,4886707,0.8944954
4275193,3920505,0.8130081
6330199,5062540,0.85106385
6275189,6253971,0.8
4058588,3803497,0.8684211
6443783,3933023,0.8453039
5031359,4938582,0.8455285
5012162,4188888,0.872093
4084376,3933671,0.85714287
2861743,2762151,0.8888889
4847755,4625879,0.8979592
4375225,3920307,0.8974359
6220581,5757985,0.8815789
4761603,4376802,0.85714287
6477879,4937589,0.8369565
5444008,5398949,0.84313726
4183845,4106978,0.80487806
5391264,5381606,0.8888889
5192308,4800118,0.8730159
5081096,4917066,0.81666666
3306985,2831613,1
5130672,5021571,0.8
5314706,5021571,0.8
4278026,3692789,0.8518519
4193841,4193711,0.8333333
4917110,4149244,0.88340807
4785656,3140411,0.9
4804132,4791495,0.82666665
5813404,3070197,0.85106385
6207990,4442880,0.84732825
5286726,4998245,0.8695652
5734022,4206615,0.8333333
5499163,5492846,0.89
5912689,5492846,0.8543689
4961989,4523870,0.85714287
6730974,5085400,0.8028169
6571563,5814838,0.8888889
6246086,4594574,0.9
5500287,4080005,0.89285713
4906856,4895060,0.8552632
5030201,4487399,0.8181818
4881335,4819006,0.8442211
5191810,5079371,0.877551
5596877,5079371,0.8757764
4326624,4268173,0.84615386
4388841,3679626,0.8804348
4085001,4070454,0.85714287
5084593,4589618,0.85915494
4654317,4647728,0.8453608
4712180,4506919,0.8479532
4237203,4219929,0.8541667
2830204,2812461,0.88095236
6737816,5774779,0.82
5282681,4242698,0.8557692
4538626,4295443,0.84810126
5792008,4678323,0.85714287
7012226,6791647,0.89411765
4429528,4097307,0.8947368
4286597,4243182,0.89261746
5205667,4175863,0.85294116
5908823,5704591,0.86187845
5777614,4277411,0.82758623
4786698,4594270,0.8780488
4106429,4073875,0.8181818
4184605,4036174,0.8669725
4679222,4621949,0.81333333
5896118,5799851,0.84210527
4908035,4621949,0.86567163
6329433,5539874,0.80701756
5231726,3853878,0.8125
6045851,5816111,0.85714287
6472934,4537658,0.8802817
5467087,5183392,0.8214286
6216124,4653125,0.8888889
5292742,4381276,0.8875
5293199,5143637,0.84126985
5605642,5076566,0.861244
6056971,5895842,0.8263473
6513260,4524718,0.8815789
7080430,5772481,0.8396947
4998561,4828489,0.83
6329536,5816124,0.9
5678925,5439267,0.8967972
5969485,4493131,0.8648649
5394652,4891788,0.84782606
6415579,5350012,0.9230769
4910573,4483779,0.8888889
5249758,5201059,0.84
5362880,4891313,0.8666667
5895514,5457592,0.80263156
4317235,4290860,0.8980213
13152,7086,0.8548387
5716037,5709106,0.8484849
4269003,4261329,0.8469388
4243182,4231679,0.83900225
4286597,4231679,0.85209715
4994096,4887401,0.815534
5296808,4060094,0.8888889
5390329,5054076,0.8143712
4443231,4377105,0.8507463
6061560,4430184,0.8910891
5503531,4613472,0.825
5674123,4830308,0.8484849
5404567,5362874,0.8863636
4484124,4402547,0.8108108
5824640,5204618,0.8611111
6298433,6230628,0.875
6317095,6312762,0.85
4389052,4335608,0.8173913
4706243,4701465,0.82608694
5039,5008,0.8103448
4715886,4603230,0.8508287
1482723,1393262,0.84210527
5377323,4144372,0.83870965
5079242,4673725,0.8815789
4887401,4701967,0.89
4994096,4701967,0.8787879
4524681,4236144,0.8064516
6931257,6658997,0.875
6216122,6213366,0.8965517
6320429,5539869,0.858871
6756578,5040,0.87931037
4950849,4644186,0.8627451
5030233,4869426,0.8767123
6704672,6473855,0.85555553
5891189,5070921,0.8956044
5310226,5296866,0.84313726
6762119,5231175,0.8831169
5314706,5182630,0.85
5977916,5182630,0.8360656
4255436,4170203,0.8235294
4309103,4170203,0.82
1843367,265,0.89361703
4371390,4357587,0.85106385
5912195,5606344,0.8566667
6330206,6324928,0.8969072
6151328,5512486,0.8230769
6935373,4270381,0.89204544
6944298,5276572,0.8606557
5715256,5540947,0.82758623
6436954,5966186,0.88387096
5199997,4451899,0.8156682
6408089,5426311,0.89447236
4488854,4243186,0.8469945
5615804,5444803,0.85714287
5283571,4845142,0.9
6478142,5859970,0.8352941
6548549,5859970,0.8045977
5890872,5457392,0.84615386
4938845,4702128,0.82222223
5895347,5794946,0.8913044
6944298,5398961,0.89830506
3636584,3618005,0.8135593
4358512,4344378,0.8636364
3538075,2952009,0.890625
5099076,5085190,0.8235294
6339449,6195001,0.8
5390330,5010879,0.8392157
5021571,5011353,0.8135593
5093453,5011353,0.8596491
5130672,5011353,0.87931037
5182630,5011353,0.86440676
5314706,5011353,0.87931037
5977916,5011353,0.86440676
6225436,5940077,0.8128655
6539892,5282533,0.82051283
7121766,7063613,0.86567163
5953443,5436070,0.8372093
6415375,6151726,0.8854167
4975333,4966676,0.8333333
5182630,5130672,0.85
5439121,4446887,0.85714287
4193052,4179189,0.8062827
5314706,5130672,0.8965517
5977916,5130672,0.88135594
5899632,5796677,0.8580247
4625945,4402546,0.8611111
6031974,5796677,0.85897434
6917157,6700091,0.8606965
5503771,4962551,0.8436019
5828748,4962551,0.8537736
5443946,5398947,0.8051948
5859368,5669818,0.8
5593046,5561902,0.8873239
5079373,4942012,0.8942731
5647336,4206854,0.8333333
5121674,5030488,0.81578946
5094468,4975447,0.856
2499009,1480257,0.875
2992361,2100256,0.8666667
5981971,3756637,0.84090906
6641736,5499529,0.8888889
5513211,5488452,0.8817204
6316421,6305479,0.8888889
6914462,6703453,0.8062827
5935131,5403943,0.8854962
7076096,6202881,0.88617885
5236140,5207320,0.89032257
6368499,4595791,0.8484849
6168945,5196403,0.8902439
5253402,5240657,0.8842105
5921062,5526328,0.84313726
6478184,5999124,0.8994709
6114922,5940564,0.8773585
5678927,5031895,0.87906975
6847729,5611494,0.85064936
5408879,5139998,0.88372093
5020591,4998048,0.825
4860908,4745301,0.87288135
5912689,5499163,0.8979592
5978509,5453983,0.8148148
7076610,5341489,0.83597887
4902261,4820749,0.8
5614772,5568073,0.8779343
5908683,5272287,0.8
5596881,5461855,0.890625
5895520,5895287,1
5558734,5515612,0.81395346
6949254,5001948,0.8979592
5669818,5629891,0.8636364
5912598,5807083,0.8372093
6169159,389007,0.8923077
5953525,5886737,0.8557692
6971445,6552967,0.8111111
6100602,5217658,0.80851066
7010669,5130934,0.81578946
6753286,6672087,0.82758623
6252976,5629771,0.8484849
5254042,5253683,0.85955054
6974603,4856316,0.852459
5834269,5624208,0.8108108
6855834,6729198,0.83838385
6641965,6509524,0.8717949
6636541,6202878,0.8181818
6730963,6076066,0.8032787
5187643,5084874,0.8175676
6387691,6020974,0.8113208
5729240,5182699,0.80136985
3374707,5543,0.86885244
6611889,5085220,0.81764704
5720416,5264136,0.84042555
5873372,5616386,0.8214286
6022630,6018119,0.8
5506341,5061632,0.82
5130672,5093453,0.8448276
5182630,5093453,0.8305085
5314706,5093453,0.8448276
5977916,5093453,0.8305085
6078693,6076366,0.82051283
6402396,5488457,0.8666667
1798583,1793313,0.8181818
5709053,5354877,0.8321678
5974695,5945046,0.8601695
5809844,5734665,0.8402062
6145234,6035196,0.8484849
5720445,5679856,0.8358209
5479142,5430552,0.88235295
3320001,1179,0.8901099
6539682,3933625,0.9
6938899,6310987,0.82733816
6409614,6284499,0.88148147
6423451,6284499,0.84210527
5720096,5679798,0.8045977
4595397,4585060,0.8378378
6563311,6313052,0.8873239
6531770,6401611,0.8
7112197,6531687,0.8833333
5615172,5504113,0.8181818
6102306,6100577,0.84745765
6851580,6229783,0.8920863
6016591,5973381,0.8521739
6226564,5973381,0.81220657
5747295,5704590,0.85714287
5873106,5748028,0.8068182
5236156,5192520,0.8372093
6195001,6027522,0.8717949
6031974,5899632,0.83870965
5999113,5651946,0.8
5615634,5611716,0.8791209
6930673,6712039,0.8888889
6628040,4997237,0.86206895
5977916,5314706,0.88135594
5903961,5872393,0.8666667
5517616,4961272,0.8875
6208360,5908758,0.8447205
2184151,2162049,0.85294116
6008200,5949483,0.8150289
6961209,6922700,0.8038462
6601911,6432723,0.8943089
6075371,5695478,0.8552632
5664836,5349965,0.81578946
5615324,5488454,0.8545455
7080475,6889717,0.84583336
6704111,5773483,0.8086957
6934539,5773483,0.84347826
6935081,5773483,0.8220339
5350894,4686939,0.872428
5721667,5716532,0.8490566
6186305,6160332,0.8947368
6815652,6716499,0.875
6695155,6004068,0.8
6340524,5674039,0.88461536
6324928,6313311,0.8484849
6299534,5517007,0.8819444
6330206,6313311,0.8118812
3950185,3341161,0.85714287
6423138,6363855,0.8115942
5625405,5584627,0.89375
5841604,5837093,0.87725633
6619080,6243989,0.88135594
5506341,5445265,0.81
5679003,5614770,0.8666667
7003156,6797960,0.8497409
5678910,5478285,0.8986486
6195237,6027518,0.8881119
6498833,6389222,0.89361703
6531194,6372871,0.81609195
6217172,5991607,0.8803419
6248188,5650839,0.88461536
5787099,5544309,0.8566667
6324678,6307155,0.8
6307155,6271558,0.8135593
6700119,6513453,0.8685446
7066751,6423797,0.8974359
6324678,6271558,0.8135593
5624268,5596878,0.9661017
6111754,5886038,0.8016529
6304501,6217416,0.85714287
6965529,6940287,0.8206522
6641965,6204285,0.8780488
6891377,6535463,0.83950615
1482845,1173405,0.8780488
6323938,6141775,0.8947368
7007664,6107146,0.875
7061877,7031139,0.886076
6495058,5898684,0.8054054
5786894,5695694,0.8666667
7063071,7019189,0.82608694
7016754,7014480,0.8172043
6627873,6614999,0.88559324
7063328,6527210,0.875
6997073,6624767,0.84210527
7030152,6966459,0.8980392
7047055,6966459,0.872093
6548549,6478142,0.89285713
6805964,6266205,0.80487806
6695763,6527152,0.8863636
7034787,6603159,0.84745765
7046507,7012239,0.8109453
6855771,6793617,0.85714287
1072974,1056621,0.8448276
6405447,6323909,0.84375
7085826,6927548,0.89772725
5940053,5827785,0.8125
5191982,5108511,0.875
6253971,6158875,0.8
7007664,6378570,0.8167939
6275189,6158875,0.8153846
4856316,4771906,0.8097166
6154897,5925651,0.8173913
7030151,6966077,0.8181818
6481973,5207607,0.8611111
6748662,6549570,0.88148147
6974603,4771906,0.81781375
7021111,7014622,0.87586206
6912842,6584338,0.8039216
6514301,6151843,0.8879552
6717141,6552965,0.8
5187980,5079042,0.8958333
6804724,6654906,0.83766234
5611421,5579371,0.8
6864297,6548917,0.89830506
6778153,6712288,0.88235295
6553951,6544701,0.88235295
7047033,7030152,0.8097015
3729608,3564669,0.84615386
6048473,6016600,0.84615386
6482352,6016600,0.85714287
6649806,6145208,0.8974359
5292239,1195454,0.8940887
9777,9549,0.8103448
5991882,5939070,0.80794704
7056633,6557586,0.8558559
6489920,6473119,0.8655462
5991801,4974644,0.8041958
6102909,6100574,0.8969697
7047055,7030152,0.87258685
6243872,6207991,0.8373494
7098,268,1
6847255,6797931,0.9
6422883,6292332,0.85714287
2498733,9515,0.8466667
6333547,2809389,0.85393256
6517804,6398556,0.8469388
7030152,6923281,0.8301887
6704259,6557584,0.89285713
7045930,6739704,0.8604651
6910212,6858802,0.8695652
6925,5563,0.8030303
7026846,6917149,0.8804348
6457806,4598440,0.84375
6244014,6096267,0.88
10096,5561,1
6584337,6476674,0.8367347
7062417,7034707,0.8216216
6642144,6513288,0.8202765
543030,300874,0.8015267
961317,44855,0.80991733
1474434,64237,0.8766756
1753849,627918,0.89180326
4603480,109530,0.86153847
13816,7469,0.8192771
1197342,9647,0.85714287
216924,178901,0.87058824
5314557,1790,0.8915663
1644967,109232,0.8992248
1734025,151,0.8
6550,94,1
1963293,550314,0.8541667
2625694,260126,0.89915967
3350455,195,0.8036364
1220771,204576,0.8679245
492701,41042,0.8780488
76464,1054,0.88235295
3038911,1220875,0.8235294
3502852,1220875,0.81395346
3070213,611526,0.86503065
2886689,386,0.81904763
5363,5362,1
1589089,5415,0.875
5298028,410614,0.88372093
4013611,697,0.8181818
4202654,183288,0.8134715
302256,280049,0.86206895
570762,280049,0.86206895
1173498,125417,0.85714287
978215,958338,0.9302326
1786106,197,0.83516484
309915,300923,0.8181818
4519299,1193854,0.8356164
3937683,2350587,0.8110599
80346,44878,0.892562
1203129,44878,0.8
19590,19506,0.87234044
30220,588,0.88372093
4767655,129622,0.8
177542,172,0.83908045
1876185,171142,0.8148148
512967,422508,0.8181818
9612,1160,0.88095236
4402546,29889,0.8333333
275,79,0.8947368
1474841,79,0.8101266
4625945,29889,0.85714287
176480,175248,0.8780488
820578,389890,0.8839286
4080476,644394,0.8741722
158,120,0.8436019
4935,154,0.86206895
9904,9903,1
6485,6484,1
6461462,389890,0.89285713
6693,6642,1
1413944,1193923,0.8730159
2965744,1193923,0.84375
3849832,1193861,0.8333333
986456,982686,0.84210527
1884303,175197,0.81632656
786980,276957,0.8
978604,276957,0.82666665
3001358,276957,0.80263156
5823339,4808684,0.9
1955500,175197,0.81632656
991157,29970,0.8125
899427,432078,0.8224299
995000,586566,0.8269231
5499318,1334,0.8965517
2652541,204484,0.8
187139,77250,0.8695652
5418,1362,0.88461536
5054442,1030322,0.8484849
217159,109492,0.86567163
206441,4067,0.8173913
1086306,1080982,0.877551
33771,13722,0.8035714
5472041,1224225,0.8659794
269852,134078,0.872093
4001767,29478,0.82758623
4261258,134078,0.80588233
608008,689,0.86567163
10087,6979,0.8580247
2177049,84505,0.82300884
3932374,63,0.8382353
208956,166418,0.825
2328071,2136702,0.87283236
1847042,1056047,0.8961039
3070197,924217,0.8627451
5813404,924217,0.8333333
5293716,166956,0.8264463
5479146,296465,0.8518519
5912089,1210038,0.835443
6415520,1203,0.9
9930,9929,1
1194174,1173622,0.8055556
937331,13604,0.8405797
5370,5369,1
1026375,717,0.89830506
5672917,717,0.8655462
516471,76977,0.84375
672632,317590,0.8457584
397888,372123,0.89830506
475930,372123,0.828125
1200003,372123,0.81666666
1695693,372123,0.8833333
5227223,9875,0.8939394
1190320,652398,0.875
1197341,1588,0.8298969
2217697,12747,0.88235295
3732783,1876066,0.88990825
95644,80620,0.88990825
80883,43595,1
6620540,5298028,0.8913044
1238688,1224627,0.85833335
6098574,364335,0.8310502
3095270,2901172,0.8604651
98421,91777,0.85714287
496626,296261,0.8095238
570762,302256,0.8518519
4653552,121592,0.814433
12659,6900,0.8378378
1255506,990838,0.85470086
468228,81609,0.9
1366647,1186573,0.8490566
4223624,807637,0.884058
6742821,204854,0.8636364
394497,10052,0.89312977
6207251,5183,0.84745765
10109,10107,1
4261258,269852,0.8165681
797702,12736,0.81333333
1451928,12736,0.8819444
619454,595414,0.8701299
10053,6965,0.8707692
1001069,668788,0.86170214
10192,10191,1
9624,5376,0.83739835
2525257,2056624,0.8103448
1430271,1240235,0.9
2262280,1240235,0.8518519
187703,100281,0.877551
5435,5434,1
1469952,6496,0.87058824
105687,28392,0.875
183288,156923,0.84816754
4202654,156923,0.82901555
1280360,1243937,0.84210527
2803702,2716730,0.880597
5414,5413,1
4688345,113733,0.84
2311698,1470431,0.86702126
122292,12669,0.9
6690620,9934,0.8153846
5820324,3618321,0.8659794
109362,6475,0.8636364
293055,73151,0.8795181
6160311,167091,0.8584071
10049,10048,1
6053023,9673,0.83229816
171419,9670,0.8914729
5151548,12823,0.8765432
2747908,17076,0.8217822
2576085,2096003,0.85714287
5397,5396,1
10223,10222,1
2594000,289275,0.8695652
5103930,289275,0.8333333
1017546,24858,0.80124223
438426,297505,0.8361582
1500578,74193,0.84782606
5589690,459857,0.82
5305,5304,1
455123,192486,0.8267717
10151,10150,1
591285,314240,0.82173914
3941162,3763621,0.8116883
6474,6473,1
1378784,264626,0.8292683
3115326,3069269,0.87145555
1435878,10186,0.8888889
4299677,1200069,0.86538464
1901982,285418,0.827027
1276716,1107462,0.84210527
187667,171064,0.88324875
24855,6459,0.88235295
